,0-9,10-19,20-29,30-39,40-44,45-49,50-54,55-59,60-64,65-69,70-74,75-79,80-84,85-89,90+,date
1,37.0,14.0,28.0,64.0,73.0,153.0,212.0,268.0,366.0,499.0,614.0,993.0,1465.0,1559.0,1569.0,2012-12-31
2,29.0,12.0,25.0,69.0,75.0,147.0,224.0,296.0,353.0,476.0,566.0,1102.0,1531.0,1738.0,1779.0,2013-01-07
3,35.0,14.0,35.0,82.0,89.0,141.0,212.0,268.0,380.0,498.0,586.0,1136.0,1528.0,1758.0,1800.0,2013-01-14
4,31.0,13.0,28.0,74.0,60.0,135.0,216.0,248.0,344.0,491.0,541.0,1066.0,1603.0,1763.0,1715.0,2013-01-21
5,35.0,10.0,25.0,69.0,73.0,131.0,198.0,294.0,387.0,494.0,572.0,1037.0,1619.0,1755.0,1660.0,2013-01-28
6,39.0,11.0,30.0,75.0,82.0,130.0,226.0,269.0,352.0,484.0,631.0,1033.0,1501.0,1750.0,1707.0,2013-02-04
7,35.0,8.0,32.0,84.0,86.0,133.0,209.0,271.0,383.0,458.0,584.0,1090.0,1633.0,1807.0,1796.0,2013-02-11
8,37.0,6.0,23.0,73.0,73.0,121.0,211.0,281.0,351.0,515.0,567.0,1068.0,1596.0,1813.0,1773.0,2013-02-18
9,36.0,11.0,31.0,78.0,93.0,149.0,210.0,306.0,326.0,471.0,602.0,1067.0,1550.0,1787.0,1755.0,2013-02-25
10,21.0,8.0,23.0,71.0,70.0,147.0,187.0,291.0,370.0,483.0,576.0,1103.0,1584.0,1891.0,1914.0,2013-03-04
11,23.0,9.0,28.0,69.0,67.0,142.0,201.0,288.0,357.0,469.0,543.0,983.0,1511.0,1575.0,1682.0,2013-03-11
12,33.0,9.0,15.0,80.0,73.0,163.0,203.0,278.0,361.0,494.0,549.0,964.0,1521.0,1752.0,1636.0,2013-03-18
13,39.0,8.0,23.0,83.0,84.0,140.0,218.0,246.0,343.0,446.0,549.0,923.0,1368.0,1602.0,1631.0,2013-03-25
14,34.0,9.0,35.0,69.0,68.0,119.0,183.0,277.0,386.0,431.0,518.0,1007.0,1379.0,1510.0,1536.0,2013-04-01
15,37.0,10.0,26.0,70.0,79.0,117.0,191.0,260.0,359.0,426.0,586.0,916.0,1377.0,1513.0,1584.0,2013-04-08
16,24.0,16.0,32.0,72.0,72.0,121.0,196.0,212.0,340.0,454.0,511.0,893.0,1369.0,1497.0,1444.0,2013-04-15
17,33.0,9.0,26.0,73.0,65.0,139.0,202.0,258.0,320.0,462.0,505.0,837.0,1314.0,1445.0,1332.0,2013-04-22
18,31.0,11.0,27.0,70.0,75.0,123.0,170.0,222.0,332.0,423.0,546.0,901.0,1299.0,1452.0,1372.0,2013-04-29
19,39.0,8.0,24.0,78.0,62.0,114.0,162.0,242.0,353.0,379.0,527.0,879.0,1313.0,1522.0,1464.0,2013-05-06
20,31.0,13.0,27.0,61.0,78.0,117.0,187.0,255.0,350.0,449.0,502.0,899.0,1228.0,1433.0,1402.0,2013-05-13
21,26.0,9.0,24.0,74.0,76.0,148.0,175.0,260.0,335.0,445.0,477.0,860.0,1307.0,1335.0,1389.0,2013-05-20
22,22.0,8.0,26.0,64.0,99.0,113.0,201.0,252.0,341.0,405.0,510.0,905.0,1273.0,1372.0,1397.0,2013-05-27
23,36.0,16.0,24.0,69.0,79.0,100.0,187.0,265.0,327.0,394.0,525.0,913.0,1367.0,1450.0,1421.0,2013-06-03
24,35.0,14.0,29.0,89.0,69.0,124.0,195.0,230.0,324.0,425.0,527.0,868.0,1375.0,1479.0,1531.0,2013-06-10
25,28.0,9.0,37.0,62.0,70.0,128.0,172.0,217.0,314.0,395.0,480.0,843.0,1233.0,1368.0,1314.0,2013-06-17
26,27.0,13.0,26.0,58.0,72.0,111.0,197.0,261.0,308.0,463.0,469.0,845.0,1282.0,1395.0,1389.0,2013-06-24
27,34.0,18.0,15.0,88.0,88.0,116.0,199.0,234.0,302.0,437.0,537.0,864.0,1337.0,1509.0,1523.0,2013-07-01
28,38.0,13.0,37.0,77.0,82.0,121.0,192.0,231.0,337.0,435.0,556.0,956.0,1525.0,1608.0,1599.0,2013-07-08
29,38.0,10.0,25.0,77.0,63.0,132.0,186.0,228.0,306.0,390.0,494.0,846.0,1287.0,1449.0,1532.0,2013-07-15
30,38.0,13.0,30.0,88.0,79.0,137.0,187.0,233.0,305.0,421.0,512.0,812.0,1277.0,1369.0,1403.0,2013-07-22
31,35.0,5.0,20.0,57.0,70.0,127.0,191.0,257.0,302.0,422.0,509.0,842.0,1217.0,1374.0,1367.0,2013-07-29
32,24.0,14.0,25.0,86.0,73.0,119.0,211.0,233.0,275.0,413.0,500.0,834.0,1232.0,1339.0,1356.0,2013-08-05
33,30.0,13.0,35.0,61.0,75.0,110.0,202.0,243.0,326.0,416.0,491.0,805.0,1224.0,1322.0,1418.0,2013-08-12
34,34.0,8.0,18.0,63.0,62.0,120.0,198.0,232.0,318.0,438.0,494.0,827.0,1202.0,1425.0,1318.0,2013-08-19
35,27.0,13.0,23.0,59.0,74.0,133.0,177.0,212.0,263.0,436.0,464.0,842.0,1194.0,1270.0,1290.0,2013-08-26
36,22.0,11.0,25.0,67.0,69.0,104.0,196.0,252.0,290.0,435.0,465.0,804.0,1169.0,1284.0,1225.0,2013-09-02
37,25.0,11.0,23.0,80.0,68.0,136.0,172.0,243.0,293.0,425.0,494.0,771.0,1181.0,1247.0,1207.0,2013-09-09
38,34.0,12.0,29.0,78.0,69.0,110.0,174.0,219.0,332.0,387.0,509.0,790.0,1219.0,1285.0,1218.0,2013-09-16
39,35.0,10.0,21.0,84.0,73.0,131.0,199.0,239.0,299.0,479.0,519.0,828.0,1293.0,1343.0,1354.0,2013-09-23
40,28.0,9.0,38.0,70.0,77.0,121.0,175.0,244.0,325.0,460.0,536.0,815.0,1259.0,1402.0,1380.0,2013-09-30
41,29.0,9.0,21.0,61.0,62.0,126.0,181.0,247.0,274.0,427.0,525.0,789.0,1139.0,1350.0,1280.0,2013-10-07
42,38.0,11.0,24.0,61.0,75.0,124.0,173.0,238.0,320.0,445.0,551.0,849.0,1275.0,1403.0,1373.0,2013-10-14
43,22.0,12.0,37.0,74.0,66.0,138.0,196.0,253.0,314.0,433.0,530.0,808.0,1364.0,1404.0,1366.0,2013-10-21
44,43.0,10.0,30.0,61.0,69.0,135.0,183.0,221.0,322.0,432.0,511.0,845.0,1225.0,1427.0,1369.0,2013-10-28
45,28.0,9.0,33.0,63.0,58.0,132.0,219.0,240.0,317.0,449.0,561.0,843.0,1384.0,1513.0,1517.0,2013-11-04
46,28.0,9.0,26.0,70.0,52.0,128.0,193.0,267.0,317.0,441.0,469.0,901.0,1390.0,1448.0,1507.0,2013-11-11
47,28.0,6.0,19.0,46.0,79.0,137.0,192.0,242.0,340.0,468.0,574.0,858.0,1424.0,1471.0,1590.0,2013-11-18
48,27.0,7.0,25.0,58.0,78.0,148.0,204.0,267.0,384.0,472.0,549.0,985.0,1458.0,1706.0,1698.0,2013-11-25
49,25.0,4.0,30.0,71.0,62.0,137.0,191.0,267.0,318.0,503.0,601.0,989.0,1559.0,1688.0,1738.0,2013-12-02
50,30.0,16.0,18.0,61.0,92.0,138.0,187.0,265.0,365.0,461.0,616.0,912.0,1552.0,1675.0,1754.0,2013-12-09
51,30.0,13.0,32.0,67.0,63.0,143.0,226.0,314.0,357.0,467.0,627.0,1016.0,1551.0,1741.0,1812.0,2013-12-16
52,29.0,7.0,32.0,58.0,76.0,151.0,207.0,258.0,343.0,511.0,586.0,1008.0,1642.0,1794.0,1870.0,2013-12-23
53,34.0,8.0,20.0,74.0,80.0,137.0,200.0,268.0,391.0,529.0,608.0,1048.0,1733.0,1949.0,1970.0,2013-12-30
54,35.0,6.0,33.0,56.0,69.0,145.0,232.0,309.0,397.0,526.0,642.0,1022.0,1689.0,1949.0,1899.0,2014-01-06
55,36.0,11.0,31.0,83.0,90.0,139.0,238.0,311.0,365.0,478.0,644.0,1037.0,1732.0,2003.0,1928.0,2014-01-13
56,38.0,13.0,27.0,71.0,80.0,174.0,216.0,297.0,401.0,534.0,646.0,994.0,1680.0,1956.0,1934.0,2014-01-20
57,34.0,13.0,31.0,70.0,95.0,131.0,204.0,293.0,376.0,534.0,676.0,1013.0,1642.0,1812.0,1943.0,2014-01-27
58,34.0,11.0,29.0,73.0,84.0,146.0,213.0,301.0,372.0,499.0,667.0,1028.0,1687.0,1924.0,1928.0,2014-02-03
59,38.0,14.0,23.0,83.0,109.0,141.0,214.0,293.0,367.0,523.0,602.0,1037.0,1683.0,1809.0,1893.0,2014-02-10
60,27.0,10.0,27.0,66.0,67.0,119.0,194.0,287.0,322.0,517.0,593.0,1015.0,1585.0,1688.0,1879.0,2014-02-17
61,30.0,14.0,22.0,67.0,77.0,131.0,198.0,262.0,352.0,494.0,598.0,981.0,1545.0,1713.0,1768.0,2014-02-24
62,27.0,10.0,18.0,74.0,90.0,136.0,210.0,273.0,356.0,423.0,591.0,938.0,1532.0,1691.0,1738.0,2014-03-03
63,22.0,12.0,31.0,60.0,51.0,134.0,179.0,249.0,323.0,460.0,578.0,909.0,1465.0,1637.0,1703.0,2014-03-10
64,27.0,11.0,35.0,77.0,73.0,129.0,178.0,278.0,342.0,498.0,565.0,926.0,1485.0,1683.0,1727.0,2014-03-17
65,38.0,15.0,26.0,57.0,77.0,145.0,174.0,262.0,353.0,463.0,583.0,852.0,1420.0,1621.0,1642.0,2014-03-24
66,30.0,12.0,26.0,63.0,82.0,131.0,181.0,255.0,353.0,483.0,556.0,907.0,1425.0,1542.0,1697.0,2014-03-31
67,30.0,12.0,31.0,72.0,84.0,118.0,177.0,243.0,315.0,430.0,580.0,880.0,1406.0,1588.0,1669.0,2014-04-07
68,25.0,10.0,28.0,65.0,52.0,130.0,184.0,242.0,293.0,452.0,524.0,882.0,1358.0,1480.0,1533.0,2014-04-14
69,29.0,11.0,22.0,58.0,74.0,123.0,193.0,237.0,321.0,411.0,515.0,766.0,1360.0,1429.0,1450.0,2014-04-21
70,34.0,4.0,33.0,48.0,74.0,130.0,174.0,283.0,320.0,432.0,537.0,832.0,1317.0,1513.0,1576.0,2014-04-28
71,21.0,9.0,22.0,60.0,96.0,111.0,170.0,205.0,325.0,471.0,539.0,855.0,1419.0,1470.0,1571.0,2014-05-05
72,25.0,12.0,24.0,60.0,64.0,127.0,197.0,254.0,295.0,417.0,527.0,817.0,1357.0,1457.0,1416.0,2014-05-12
73,29.0,9.0,23.0,66.0,74.0,119.0,162.0,225.0,319.0,412.0,537.0,809.0,1260.0,1410.0,1450.0,2014-05-19
74,28.0,4.0,24.0,64.0,59.0,118.0,177.0,254.0,334.0,445.0,544.0,806.0,1219.0,1358.0,1398.0,2014-05-26
75,38.0,11.0,17.0,63.0,77.0,124.0,207.0,255.0,296.0,434.0,556.0,829.0,1266.0,1456.0,1507.0,2014-06-02
76,26.0,7.0,32.0,63.0,77.0,127.0,178.0,243.0,292.0,442.0,544.0,781.0,1353.0,1571.0,1668.0,2014-06-09
77,33.0,14.0,24.0,73.0,64.0,150.0,160.0,265.0,322.0,407.0,533.0,892.0,1321.0,1463.0,1527.0,2014-06-16
78,23.0,12.0,18.0,54.0,65.0,108.0,193.0,255.0,284.0,438.0,531.0,763.0,1251.0,1394.0,1463.0,2014-06-23
79,30.0,8.0,23.0,57.0,57.0,133.0,203.0,236.0,289.0,451.0,528.0,814.0,1224.0,1380.0,1418.0,2014-06-30
80,35.0,11.0,27.0,51.0,72.0,119.0,189.0,231.0,296.0,378.0,562.0,818.0,1187.0,1364.0,1396.0,2014-07-07
81,48.0,17.0,28.0,64.0,85.0,114.0,166.0,230.0,320.0,438.0,490.0,825.0,1275.0,1385.0,1580.0,2014-07-14
82,30.0,10.0,32.0,69.0,82.0,129.0,179.0,244.0,309.0,419.0,571.0,775.0,1346.0,1441.0,1491.0,2014-07-21
83,34.0,5.0,30.0,74.0,71.0,121.0,199.0,250.0,317.0,441.0,522.0,742.0,1127.0,1427.0,1507.0,2014-07-28
84,31.0,8.0,30.0,65.0,65.0,127.0,178.0,240.0,326.0,387.0,533.0,764.0,1231.0,1387.0,1519.0,2014-08-04
85,25.0,8.0,25.0,70.0,61.0,118.0,186.0,250.0,289.0,402.0,548.0,781.0,1258.0,1337.0,1366.0,2014-08-11
86,38.0,9.0,31.0,73.0,72.0,151.0,187.0,271.0,297.0,437.0,465.0,751.0,1188.0,1258.0,1415.0,2014-08-18
87,35.0,11.0,22.0,75.0,74.0,127.0,189.0,243.0,303.0,434.0,570.0,793.0,1249.0,1423.0,1447.0,2014-08-25
88,37.0,20.0,21.0,53.0,73.0,100.0,190.0,247.0,285.0,442.0,573.0,823.0,1295.0,1445.0,1453.0,2014-09-01
89,27.0,9.0,19.0,63.0,63.0,131.0,195.0,226.0,335.0,390.0,536.0,765.0,1193.0,1309.0,1426.0,2014-09-08
90,30.0,14.0,28.0,55.0,65.0,121.0,185.0,240.0,317.0,400.0,533.0,731.0,1208.0,1327.0,1372.0,2014-09-15
91,32.0,11.0,31.0,55.0,64.0,98.0,149.0,273.0,325.0,402.0,493.0,772.0,1176.0,1300.0,1327.0,2014-09-22
92,35.0,15.0,23.0,73.0,61.0,121.0,186.0,267.0,305.0,429.0,566.0,771.0,1240.0,1396.0,1442.0,2014-09-29
93,35.0,11.0,22.0,57.0,78.0,118.0,187.0,235.0,306.0,436.0,529.0,801.0,1236.0,1470.0,1466.0,2014-10-06
94,22.0,11.0,23.0,61.0,54.0,113.0,181.0,246.0,339.0,425.0,576.0,818.0,1349.0,1473.0,1574.0,2014-10-13
95,23.0,7.0,24.0,62.0,65.0,121.0,205.0,249.0,337.0,418.0,544.0,835.0,1300.0,1515.0,1617.0,2014-10-20
96,32.0,5.0,26.0,62.0,66.0,115.0,173.0,230.0,335.0,453.0,554.0,834.0,1264.0,1514.0,1624.0,2014-10-27
97,23.0,8.0,37.0,59.0,78.0,113.0,198.0,233.0,332.0,495.0,597.0,806.0,1322.0,1487.0,1545.0,2014-11-03
98,28.0,11.0,24.0,61.0,58.0,110.0,191.0,253.0,314.0,463.0,612.0,850.0,1338.0,1571.0,1720.0,2014-11-10
99,32.0,10.0,22.0,66.0,74.0,121.0,187.0,238.0,341.0,420.0,610.0,863.0,1357.0,1591.0,1696.0,2014-11-17
100,40.0,8.0,23.0,68.0,60.0,126.0,192.0,275.0,322.0,429.0,581.0,851.0,1367.0,1662.0,1725.0,2014-11-24
101,43.0,14.0,28.0,65.0,74.0,136.0,202.0,284.0,343.0,465.0,552.0,869.0,1417.0,1548.0,1605.0,2014-12-01
102,36.0,8.0,27.0,75.0,64.0,145.0,186.0,242.0,335.0,472.0,585.0,876.0,1468.0,1692.0,1779.0,2014-12-08
103,29.0,13.0,30.0,62.0,79.0,152.0,207.0,265.0,343.0,484.0,622.0,894.0,1459.0,1717.0,1889.0,2014-12-15
104,32.0,11.0,25.0,66.0,73.0,125.0,200.0,316.0,344.0,511.0,651.0,918.0,1562.0,1855.0,1846.0,2014-12-22
105,33.0,5.0,23.0,62.0,61.0,132.0,194.0,297.0,352.0,539.0,700.0,1034.0,1727.0,2145.0,2301.0,2014-12-29
106,38.0,14.0,19.0,66.0,78.0,128.0,201.0,326.0,388.0,558.0,732.0,1104.0,1912.0,2244.0,2607.0,2015-01-05
107,26.0,14.0,25.0,61.0,76.0,123.0,214.0,304.0,379.0,522.0,813.0,1101.0,1961.0,2417.0,2702.0,2015-01-12
108,31.0,16.0,28.0,69.0,53.0,129.0,232.0,290.0,388.0,571.0,727.0,1087.0,1914.0,2385.0,2705.0,2015-01-19
109,33.0,14.0,24.0,63.0,90.0,159.0,223.0,331.0,348.0,554.0,787.0,1166.0,1980.0,2455.0,2819.0,2015-01-26
110,30.0,7.0,20.0,68.0,73.0,140.0,234.0,311.0,359.0,584.0,725.0,1148.0,1926.0,2337.0,2720.0,2015-02-02
111,31.0,15.0,26.0,72.0,87.0,123.0,199.0,303.0,395.0,564.0,726.0,1159.0,2109.0,2400.0,2648.0,2015-02-09
112,33.0,12.0,31.0,57.0,70.0,128.0,240.0,342.0,381.0,571.0,690.0,1078.0,1932.0,2319.0,2696.0,2015-02-16
113,29.0,9.0,21.0,74.0,80.0,138.0,200.0,276.0,364.0,540.0,693.0,1081.0,1815.0,2214.0,2524.0,2015-02-23
114,28.0,13.0,28.0,77.0,61.0,112.0,175.0,299.0,368.0,481.0,658.0,1006.0,1709.0,2130.0,2276.0,2015-03-02
115,33.0,7.0,25.0,66.0,69.0,132.0,196.0,272.0,322.0,505.0,652.0,916.0,1627.0,1870.0,2093.0,2015-03-09
116,34.0,11.0,24.0,59.0,68.0,114.0,185.0,253.0,339.0,449.0,641.0,925.0,1538.0,1796.0,1943.0,2015-03-16
117,37.0,9.0,22.0,77.0,65.0,126.0,180.0,287.0,333.0,481.0,626.0,948.0,1552.0,1698.0,1925.0,2015-03-23
118,31.0,13.0,28.0,61.0,63.0,129.0,178.0,260.0,368.0,414.0,632.0,884.0,1495.0,1832.0,1894.0,2015-03-30
119,32.0,7.0,27.0,56.0,54.0,116.0,227.0,243.0,310.0,467.0,556.0,871.0,1467.0,1621.0,1840.0,2015-04-06
120,23.0,15.0,23.0,50.0,73.0,105.0,189.0,289.0,316.0,445.0,591.0,846.0,1399.0,1653.0,1838.0,2015-04-13
121,32.0,7.0,33.0,50.0,69.0,107.0,197.0,279.0,333.0,480.0,609.0,807.0,1425.0,1661.0,1713.0,2015-04-20
122,34.0,12.0,30.0,58.0,59.0,113.0,183.0,270.0,302.0,425.0,562.0,834.0,1363.0,1547.0,1573.0,2015-04-27
123,31.0,5.0,30.0,60.0,66.0,130.0,201.0,256.0,308.0,442.0,529.0,793.0,1391.0,1591.0,1631.0,2015-05-04
124,27.0,17.0,27.0,61.0,61.0,142.0,160.0,239.0,312.0,444.0,579.0,799.0,1371.0,1619.0,1685.0,2015-05-11
125,27.0,11.0,19.0,53.0,68.0,96.0,191.0,264.0,326.0,449.0,559.0,771.0,1337.0,1457.0,1606.0,2015-05-18
126,22.0,10.0,20.0,57.0,67.0,119.0,194.0,252.0,309.0,400.0,551.0,745.0,1222.0,1538.0,1590.0,2015-05-25
127,28.0,12.0,27.0,71.0,65.0,110.0,181.0,263.0,345.0,391.0,532.0,839.0,1340.0,1562.0,1598.0,2015-06-01
128,23.0,10.0,17.0,75.0,78.0,115.0,200.0,230.0,314.0,451.0,535.0,777.0,1290.0,1480.0,1557.0,2015-06-08
129,38.0,11.0,30.0,65.0,68.0,109.0,176.0,226.0,297.0,426.0,540.0,773.0,1286.0,1414.0,1497.0,2015-06-15
130,29.0,15.0,18.0,50.0,62.0,101.0,179.0,228.0,317.0,420.0,526.0,798.0,1254.0,1494.0,1620.0,2015-06-22
131,28.0,13.0,21.0,69.0,103.0,123.0,226.0,293.0,341.0,458.0,600.0,881.0,1465.0,1696.0,1829.0,2015-06-29
132,37.0,11.0,25.0,68.0,67.0,117.0,205.0,300.0,322.0,471.0,609.0,869.0,1521.0,1763.0,1966.0,2015-07-06
133,34.0,17.0,33.0,56.0,79.0,116.0,207.0,269.0,342.0,451.0,600.0,862.0,1497.0,1687.0,1914.0,2015-07-13
134,26.0,8.0,23.0,64.0,74.0,139.0,190.0,259.0,323.0,471.0,551.0,835.0,1422.0,1615.0,1798.0,2015-07-20
135,23.0,8.0,22.0,75.0,74.0,117.0,171.0,285.0,328.0,391.0,567.0,779.0,1305.0,1593.0,1611.0,2015-07-27
136,37.0,11.0,23.0,63.0,85.0,122.0,189.0,285.0,305.0,438.0,542.0,768.0,1328.0,1454.0,1569.0,2015-08-03
137,35.0,10.0,24.0,65.0,63.0,140.0,186.0,283.0,321.0,441.0,539.0,830.0,1247.0,1446.0,1445.0,2015-08-10
138,29.0,5.0,18.0,59.0,83.0,115.0,161.0,241.0,300.0,425.0,525.0,780.0,1222.0,1421.0,1417.0,2015-08-17
139,26.0,15.0,36.0,73.0,65.0,120.0,195.0,263.0,335.0,430.0,525.0,750.0,1276.0,1376.0,1469.0,2015-08-24
140,20.0,14.0,28.0,79.0,67.0,123.0,191.0,250.0,319.0,394.0,480.0,742.0,1217.0,1358.0,1321.0,2015-08-31
141,29.0,10.0,28.0,70.0,75.0,106.0,181.0,247.0,341.0,393.0,528.0,716.0,1200.0,1332.0,1404.0,2015-09-07
142,31.0,15.0,26.0,59.0,59.0,112.0,170.0,267.0,304.0,380.0,496.0,719.0,1183.0,1402.0,1394.0,2015-09-14
143,35.0,9.0,31.0,60.0,71.0,110.0,173.0,254.0,331.0,446.0,517.0,773.0,1248.0,1404.0,1436.0,2015-09-21
144,34.0,11.0,24.0,51.0,74.0,122.0,171.0,248.0,298.0,422.0,542.0,726.0,1267.0,1337.0,1486.0,2015-09-28
145,24.0,10.0,29.0,56.0,78.0,125.0,194.0,270.0,338.0,418.0,528.0,778.0,1234.0,1488.0,1485.0,2015-10-05
146,21.0,7.0,19.0,75.0,67.0,119.0,194.0,276.0,309.0,437.0,556.0,742.0,1283.0,1475.0,1539.0,2015-10-12
147,24.0,14.0,21.0,61.0,61.0,113.0,201.0,259.0,347.0,426.0,585.0,773.0,1344.0,1449.0,1589.0,2015-10-19
148,23.0,14.0,28.0,55.0,72.0,110.0,216.0,254.0,296.0,428.0,561.0,767.0,1349.0,1541.0,1678.0,2015-10-26
149,32.0,5.0,34.0,51.0,62.0,120.0,183.0,271.0,331.0,461.0,579.0,801.0,1310.0,1513.0,1659.0,2015-11-02
150,21.0,16.0,29.0,50.0,45.0,125.0,186.0,265.0,322.0,477.0,548.0,786.0,1340.0,1565.0,1550.0,2015-11-09
151,22.0,8.0,24.0,55.0,70.0,96.0,210.0,256.0,315.0,405.0,609.0,824.0,1340.0,1536.0,1627.0,2015-11-16
152,25.0,10.0,18.0,61.0,67.0,115.0,191.0,269.0,360.0,480.0,573.0,876.0,1427.0,1669.0,1708.0,2015-11-23
153,29.0,10.0,27.0,71.0,74.0,116.0,192.0,303.0,358.0,489.0,605.0,855.0,1470.0,1651.0,1830.0,2015-11-30
154,29.0,9.0,27.0,60.0,62.0,108.0,193.0,282.0,358.0,480.0,572.0,862.0,1399.0,1758.0,1833.0,2015-12-07
155,24.0,5.0,23.0,63.0,65.0,135.0,217.0,293.0,380.0,487.0,619.0,886.0,1465.0,1741.0,1939.0,2015-12-14
156,30.0,7.0,25.0,60.0,62.0,124.0,201.0,273.0,319.0,452.0,589.0,863.0,1478.0,1710.0,1838.0,2015-12-21
157,23.0,9.0,23.0,65.0,69.0,109.0,193.0,294.0,368.0,459.0,687.0,870.0,1559.0,1829.0,1870.0,2015-12-28
158,27.0,13.0,25.0,77.0,68.0,119.0,195.0,290.0,344.0,483.0,623.0,917.0,1516.0,1900.0,2061.0,2016-01-04
159,26.0,9.0,28.0,58.0,85.0,127.0,209.0,304.0,388.0,456.0,638.0,837.0,1556.0,1846.0,2104.0,2016-01-11
160,35.0,10.0,24.0,67.0,71.0,135.0,240.0,278.0,378.0,511.0,634.0,872.0,1541.0,1938.0,2057.0,2016-01-18
161,37.0,10.0,28.0,64.0,72.0,113.0,228.0,274.0,357.0,484.0,628.0,920.0,1463.0,1830.0,1983.0,2016-01-25
162,31.0,12.0,20.0,53.0,72.0,125.0,203.0,307.0,368.0,513.0,629.0,939.0,1544.0,1810.0,1835.0,2016-02-01
163,36.0,11.0,30.0,67.0,77.0,125.0,171.0,271.0,376.0,527.0,691.0,898.0,1505.0,1775.0,1996.0,2016-02-08
164,28.0,12.0,30.0,66.0,78.0,150.0,192.0,303.0,372.0,481.0,636.0,926.0,1496.0,1826.0,1883.0,2016-02-15
165,24.0,9.0,14.0,60.0,92.0,112.0,201.0,272.0,379.0,514.0,640.0,939.0,1595.0,1844.0,1975.0,2016-02-22
166,23.0,10.0,22.0,63.0,72.0,129.0,214.0,284.0,358.0,483.0,684.0,947.0,1529.0,1879.0,1948.0,2016-02-29
167,27.0,12.0,31.0,65.0,71.0,118.0,185.0,273.0,376.0,577.0,652.0,890.0,1519.0,1857.0,2000.0,2016-03-07
168,23.0,6.0,29.0,68.0,67.0,137.0,211.0,305.0,397.0,511.0,668.0,914.0,1571.0,1873.0,2031.0,2016-03-14
169,25.0,10.0,33.0,46.0,63.0,126.0,204.0,259.0,338.0,491.0,604.0,912.0,1431.0,1760.0,1989.0,2016-03-21
170,34.0,14.0,27.0,65.0,58.0,121.0,210.0,269.0,373.0,497.0,659.0,893.0,1467.0,1802.0,1886.0,2016-03-28
171,24.0,11.0,21.0,53.0,73.0,122.0,229.0,292.0,368.0,455.0,652.0,844.0,1389.0,1615.0,1850.0,2016-04-04
172,24.0,11.0,28.0,53.0,67.0,114.0,215.0,273.0,306.0,443.0,575.0,834.0,1433.0,1577.0,1906.0,2016-04-11
173,26.0,11.0,17.0,66.0,74.0,120.0,172.0,272.0,317.0,441.0,559.0,802.0,1367.0,1586.0,1759.0,2016-04-18
174,19.0,16.0,22.0,61.0,79.0,103.0,206.0,241.0,333.0,441.0,567.0,848.0,1277.0,1568.0,1681.0,2016-04-25
175,35.0,6.0,23.0,64.0,78.0,104.0,171.0,275.0,334.0,437.0,566.0,792.0,1339.0,1614.0,1768.0,2016-05-02
176,37.0,4.0,18.0,65.0,53.0,103.0,190.0,274.0,308.0,440.0,613.0,756.0,1317.0,1509.0,1687.0,2016-05-09
177,36.0,18.0,24.0,59.0,63.0,115.0,183.0,252.0,325.0,436.0,562.0,828.0,1282.0,1593.0,1757.0,2016-05-16
178,50.0,11.0,23.0,51.0,81.0,121.0,186.0,247.0,339.0,406.0,580.0,796.0,1253.0,1485.0,1675.0,2016-05-23
179,32.0,14.0,24.0,51.0,70.0,106.0,189.0,262.0,306.0,419.0,557.0,711.0,1273.0,1507.0,1734.0,2016-05-30
180,18.0,5.0,20.0,52.0,69.0,115.0,205.0,265.0,302.0,436.0,574.0,806.0,1351.0,1633.0,1725.0,2016-06-06
181,19.0,13.0,20.0,55.0,69.0,117.0,184.0,236.0,315.0,423.0,532.0,742.0,1262.0,1506.0,1647.0,2016-06-13
182,20.0,11.0,20.0,69.0,66.0,99.0,206.0,252.0,336.0,424.0,578.0,756.0,1246.0,1497.0,1593.0,2016-06-20
183,30.0,12.0,19.0,58.0,66.0,122.0,203.0,263.0,301.0,458.0,557.0,787.0,1283.0,1520.0,1666.0,2016-06-27
184,33.0,12.0,30.0,67.0,59.0,121.0,189.0,246.0,308.0,410.0,594.0,734.0,1277.0,1619.0,1806.0,2016-07-04
185,33.0,10.0,22.0,72.0,70.0,117.0,184.0,247.0,318.0,442.0,574.0,739.0,1344.0,1527.0,1724.0,2016-07-11
186,38.0,7.0,22.0,60.0,71.0,91.0,174.0,269.0,331.0,449.0,558.0,752.0,1294.0,1570.0,1691.0,2016-07-18
187,35.0,17.0,20.0,66.0,62.0,107.0,161.0,255.0,334.0,412.0,573.0,728.0,1302.0,1558.0,1665.0,2016-07-25
188,31.0,12.0,25.0,49.0,86.0,111.0,200.0,251.0,328.0,400.0,589.0,770.0,1292.0,1579.0,1702.0,2016-08-01
189,30.0,4.0,22.0,58.0,53.0,113.0,189.0,243.0,327.0,467.0,554.0,736.0,1280.0,1482.0,1675.0,2016-08-08
190,29.0,13.0,22.0,67.0,60.0,95.0,197.0,253.0,338.0,458.0,597.0,683.0,1200.0,1494.0,1596.0,2016-08-15
191,22.0,7.0,23.0,74.0,57.0,109.0,206.0,249.0,325.0,400.0,560.0,767.0,1216.0,1473.0,1696.0,2016-08-22
192,22.0,11.0,27.0,56.0,49.0,105.0,200.0,244.0,321.0,452.0,535.0,711.0,1254.0,1483.0,1630.0,2016-08-29
193,27.0,6.0,28.0,63.0,72.0,126.0,183.0,258.0,310.0,409.0,537.0,742.0,1258.0,1515.0,1669.0,2016-09-05
194,34.0,12.0,24.0,60.0,48.0,118.0,179.0,239.0,320.0,394.0,536.0,683.0,1104.0,1356.0,1534.0,2016-09-12
195,27.0,11.0,28.0,50.0,55.0,95.0,162.0,272.0,314.0,438.0,557.0,732.0,1203.0,1461.0,1551.0,2016-09-19
196,33.0,14.0,22.0,55.0,50.0,111.0,181.0,259.0,318.0,454.0,577.0,731.0,1234.0,1440.0,1557.0,2016-09-26
197,18.0,8.0,18.0,57.0,59.0,105.0,177.0,243.0,336.0,420.0,559.0,679.0,1288.0,1483.0,1622.0,2016-10-03
198,27.0,11.0,23.0,50.0,63.0,123.0,179.0,267.0,306.0,454.0,537.0,702.0,1176.0,1504.0,1614.0,2016-10-10
199,25.0,2.0,26.0,62.0,59.0,131.0,186.0,271.0,326.0,383.0,564.0,762.0,1237.0,1502.0,1649.0,2016-10-17
200,32.0,8.0,22.0,58.0,62.0,104.0,165.0,276.0,303.0,432.0,587.0,768.0,1280.0,1591.0,1824.0,2016-10-24
201,18.0,8.0,22.0,55.0,68.0,111.0,197.0,244.0,351.0,406.0,543.0,749.0,1272.0,1492.0,1708.0,2016-10-31
202,39.0,9.0,19.0,59.0,67.0,113.0,206.0,267.0,341.0,465.0,608.0,759.0,1381.0,1584.0,1858.0,2016-11-07
203,24.0,8.0,21.0,57.0,58.0,121.0,173.0,281.0,361.0,477.0,546.0,839.0,1440.0,1722.0,1948.0,2016-11-14
204,35.0,14.0,34.0,60.0,65.0,102.0,183.0,259.0,335.0,459.0,628.0,844.0,1423.0,1739.0,1910.0,2016-11-21
205,30.0,8.0,23.0,71.0,71.0,112.0,200.0,297.0,341.0,452.0,636.0,816.0,1479.0,1828.0,1957.0,2016-11-28
206,37.0,11.0,17.0,71.0,66.0,101.0,211.0,301.0,344.0,430.0,609.0,822.0,1388.0,1811.0,1905.0,2016-12-05
207,36.0,9.0,25.0,63.0,70.0,109.0,187.0,276.0,378.0,491.0,642.0,842.0,1557.0,1874.0,2053.0,2016-12-12
208,21.0,21.0,24.0,63.0,63.0,128.0,185.0,302.0,376.0,503.0,692.0,857.0,1584.0,1950.0,2211.0,2016-12-19
209,22.0,13.0,37.0,69.0,64.0,132.0,219.0,294.0,414.0,503.0,722.0,933.0,1722.0,2177.0,2534.0,2016-12-26
210,36.0,14.0,23.0,46.0,76.0,132.0,212.0,328.0,386.0,511.0,797.0,979.0,1940.0,2376.0,2870.0,2017-01-02
211,23.0,16.0,24.0,72.0,88.0,142.0,235.0,298.0,389.0,558.0,829.0,1016.0,1976.0,2651.0,3097.0,2017-01-09
212,36.0,9.0,33.0,67.0,88.0,130.0,216.0,329.0,405.0,561.0,782.0,1034.0,1999.0,2481.0,3164.0,2017-01-16
213,29.0,9.0,22.0,72.0,58.0,98.0,212.0,302.0,423.0,545.0,758.0,973.0,1959.0,2586.0,3022.0,2017-01-23
214,26.0,10.0,36.0,58.0,70.0,129.0,200.0,278.0,407.0,564.0,732.0,1011.0,1839.0,2474.0,2802.0,2017-01-30
215,23.0,17.0,31.0,53.0,80.0,108.0,193.0,267.0,373.0,474.0,686.0,902.0,1668.0,2194.0,2591.0,2017-02-06
216,32.0,13.0,20.0,61.0,74.0,116.0,181.0,305.0,367.0,487.0,663.0,878.0,1599.0,1928.0,2293.0,2017-02-13
217,23.0,16.0,29.0,62.0,70.0,119.0,199.0,254.0,331.0,461.0,683.0,878.0,1456.0,1920.0,2169.0,2017-02-20
218,29.0,11.0,40.0,62.0,55.0,128.0,185.0,261.0,353.0,521.0,621.0,797.0,1472.0,1868.0,1968.0,2017-02-27
219,18.0,4.0,26.0,61.0,57.0,117.0,179.0,260.0,326.0,465.0,602.0,764.0,1485.0,1787.0,2062.0,2017-03-06
220,21.0,10.0,24.0,60.0,84.0,118.0,170.0,263.0,332.0,441.0,600.0,794.0,1402.0,1717.0,1870.0,2017-03-13
221,17.0,12.0,21.0,52.0,73.0,113.0,185.0,264.0,375.0,452.0,633.0,764.0,1405.0,1686.0,1823.0,2017-03-20
222,32.0,13.0,20.0,52.0,56.0,103.0,193.0,263.0,351.0,435.0,625.0,731.0,1431.0,1686.0,1836.0,2017-03-27
223,25.0,10.0,22.0,69.0,57.0,103.0,200.0,246.0,326.0,453.0,619.0,795.0,1345.0,1621.0,1923.0,2017-04-03
224,23.0,6.0,26.0,48.0,70.0,113.0,197.0,273.0,346.0,454.0,624.0,742.0,1298.0,1621.0,1959.0,2017-04-10
225,29.0,12.0,32.0,53.0,59.0,102.0,194.0,258.0,337.0,459.0,600.0,756.0,1293.0,1612.0,1778.0,2017-04-17
226,22.0,8.0,28.0,64.0,55.0,120.0,204.0,267.0,329.0,408.0,572.0,773.0,1348.0,1646.0,1817.0,2017-04-24
227,30.0,15.0,23.0,64.0,65.0,118.0,204.0,256.0,340.0,443.0,623.0,768.0,1225.0,1610.0,1736.0,2017-05-01
228,25.0,13.0,33.0,55.0,59.0,126.0,150.0,263.0,349.0,456.0,626.0,721.0,1363.0,1562.0,1821.0,2017-05-08
229,21.0,7.0,13.0,58.0,65.0,107.0,204.0,240.0,343.0,425.0,612.0,735.0,1282.0,1598.0,1784.0,2017-05-15
230,30.0,7.0,30.0,70.0,54.0,127.0,201.0,254.0,342.0,429.0,585.0,744.0,1356.0,1652.0,1785.0,2017-05-22
231,22.0,15.0,19.0,49.0,48.0,99.0,155.0,236.0,301.0,415.0,564.0,691.0,1186.0,1573.0,1719.0,2017-05-29
232,27.0,10.0,29.0,65.0,67.0,117.0,195.0,274.0,316.0,402.0,574.0,682.0,1143.0,1542.0,1624.0,2017-06-05
233,35.0,12.0,30.0,59.0,60.0,116.0,197.0,237.0,352.0,457.0,603.0,781.0,1287.0,1669.0,1924.0,2017-06-12
234,27.0,8.0,21.0,72.0,62.0,114.0,196.0,246.0,287.0,446.0,560.0,770.0,1363.0,1753.0,2066.0,2017-06-19
235,28.0,7.0,19.0,65.0,54.0,118.0,208.0,248.0,340.0,456.0,556.0,689.0,1227.0,1481.0,1641.0,2017-06-26
236,34.0,17.0,24.0,59.0,71.0,111.0,185.0,241.0,324.0,451.0,589.0,687.0,1207.0,1534.0,1622.0,2017-07-03
237,23.0,15.0,29.0,80.0,55.0,116.0,214.0,283.0,319.0,435.0,582.0,632.0,1230.0,1495.0,1706.0,2017-07-10
238,31.0,10.0,26.0,57.0,58.0,120.0,185.0,260.0,325.0,449.0,594.0,697.0,1217.0,1502.0,1728.0,2017-07-17
239,27.0,3.0,30.0,67.0,59.0,85.0,166.0,271.0,330.0,424.0,574.0,713.0,1203.0,1508.0,1650.0,2017-07-24
240,26.0,14.0,32.0,64.0,81.0,113.0,180.0,317.0,318.0,424.0,610.0,731.0,1293.0,1586.0,1807.0,2017-07-31
241,24.0,11.0,22.0,64.0,63.0,107.0,175.0,259.0,315.0,455.0,565.0,686.0,1264.0,1514.0,1662.0,2017-08-07
242,22.0,9.0,33.0,43.0,75.0,115.0,205.0,243.0,308.0,456.0,582.0,682.0,1157.0,1521.0,1667.0,2017-08-14
243,23.0,13.0,21.0,67.0,60.0,117.0,173.0,226.0,331.0,421.0,552.0,671.0,1254.0,1574.0,1716.0,2017-08-21
244,36.0,17.0,21.0,53.0,74.0,105.0,187.0,263.0,310.0,412.0,552.0,649.0,1258.0,1506.0,1570.0,2017-08-28
245,28.0,11.0,23.0,57.0,75.0,107.0,172.0,287.0,282.0,387.0,554.0,686.0,1083.0,1357.0,1571.0,2017-09-04
246,25.0,16.0,21.0,59.0,54.0,114.0,174.0,256.0,325.0,429.0,537.0,655.0,1157.0,1394.0,1514.0,2017-09-11
247,23.0,13.0,22.0,60.0,69.0,109.0,177.0,267.0,360.0,430.0,610.0,677.0,1191.0,1438.0,1645.0,2017-09-18
248,27.0,9.0,23.0,57.0,77.0,110.0,200.0,308.0,329.0,468.0,543.0,752.0,1269.0,1494.0,1701.0,2017-09-25
249,29.0,9.0,22.0,48.0,69.0,122.0,174.0,292.0,320.0,448.0,601.0,720.0,1217.0,1561.0,1756.0,2017-10-02
250,23.0,14.0,22.0,57.0,56.0,102.0,173.0,272.0,322.0,439.0,588.0,719.0,1280.0,1504.0,1663.0,2017-10-09
251,30.0,7.0,33.0,53.0,67.0,96.0,185.0,255.0,354.0,472.0,610.0,733.0,1230.0,1538.0,1729.0,2017-10-16
252,30.0,8.0,25.0,66.0,63.0,116.0,190.0,253.0,308.0,440.0,622.0,680.0,1238.0,1569.0,1700.0,2017-10-23
253,26.0,13.0,29.0,49.0,57.0,126.0,167.0,273.0,322.0,458.0,626.0,745.0,1219.0,1559.0,1842.0,2017-10-30
254,32.0,8.0,23.0,52.0,61.0,122.0,185.0,292.0,360.0,449.0,627.0,765.0,1286.0,1578.0,1792.0,2017-11-06
255,29.0,9.0,12.0,58.0,68.0,109.0,210.0,292.0,351.0,483.0,596.0,738.0,1331.0,1843.0,1934.0,2017-11-13
256,35.0,13.0,23.0,55.0,67.0,101.0,179.0,296.0,349.0,483.0,639.0,800.0,1385.0,1729.0,2015.0,2017-11-20
257,42.0,8.0,20.0,71.0,71.0,124.0,203.0,269.0,332.0,487.0,620.0,774.0,1436.0,1816.0,1984.0,2017-11-27
258,27.0,9.0,26.0,55.0,62.0,107.0,176.0,309.0,343.0,491.0,686.0,852.0,1443.0,1888.0,2146.0,2017-12-04
259,31.0,15.0,28.0,52.0,65.0,120.0,189.0,313.0,401.0,538.0,672.0,871.0,1601.0,2036.0,2330.0,2017-12-11
260,27.0,11.0,29.0,72.0,65.0,119.0,195.0,287.0,418.0,532.0,706.0,898.0,1639.0,2111.0,2519.0,2017-12-18
261,42.0,15.0,34.0,60.0,65.0,122.0,240.0,331.0,397.0,567.0,783.0,936.0,1753.0,2421.0,2646.0,2017-12-25
262,32.0,15.0,29.0,63.0,96.0,127.0,226.0,376.0,443.0,611.0,738.0,1007.0,1890.0,2601.0,2950.0,2018-01-01
263,40.0,9.0,29.0,63.0,79.0,118.0,230.0,315.0,443.0,594.0,807.0,1080.0,1819.0,2393.0,2886.0,2018-01-08
264,21.0,10.0,25.0,62.0,68.0,138.0,232.0,331.0,402.0,604.0,811.0,991.0,1860.0,2473.0,2953.0,2018-01-15
265,31.0,12.0,18.0,63.0,66.0,114.0,211.0,320.0,433.0,534.0,720.0,963.0,1768.0,2246.0,2825.0,2018-01-22
266,29.0,7.0,27.0,67.0,57.0,108.0,197.0,285.0,418.0,511.0,760.0,960.0,1714.0,2173.0,2580.0,2018-01-29
267,45.0,18.0,29.0,80.0,72.0,111.0,208.0,272.0,425.0,536.0,751.0,989.0,1654.0,2255.0,2570.0,2018-02-05
268,30.0,15.0,26.0,59.0,67.0,109.0,215.0,333.0,418.0,483.0,742.0,957.0,1694.0,2284.0,2673.0,2018-02-12
269,30.0,14.0,30.0,50.0,54.0,109.0,223.0,288.0,426.0,514.0,725.0,964.0,1597.0,2101.0,2531.0,2018-02-19
270,37.0,12.0,23.0,65.0,56.0,112.0,184.0,312.0,380.0,537.0,718.0,917.0,1611.0,2158.0,2477.0,2018-02-26
271,19.0,12.0,30.0,51.0,65.0,108.0,196.0,272.0,404.0,494.0,738.0,832.0,1565.0,2001.0,2416.0,2018-03-05
272,27.0,13.0,29.0,47.0,82.0,98.0,210.0,274.0,389.0,476.0,656.0,837.0,1521.0,1920.0,2283.0,2018-03-12
273,24.0,10.0,25.0,54.0,66.0,122.0,204.0,304.0,371.0,477.0,708.0,790.0,1376.0,1923.0,2162.0,2018-03-19
274,35.0,8.0,30.0,73.0,75.0,109.0,166.0,267.0,371.0,473.0,666.0,828.0,1443.0,1920.0,2164.0,2018-03-26
275,35.0,8.0,19.0,44.0,59.0,108.0,171.0,281.0,405.0,481.0,644.0,822.0,1402.0,1806.0,2129.0,2018-04-02
276,32.0,9.0,26.0,62.0,54.0,102.0,205.0,296.0,323.0,425.0,600.0,861.0,1422.0,1834.0,2084.0,2018-04-09
277,18.0,8.0,18.0,62.0,80.0,125.0,189.0,246.0,346.0,456.0,650.0,768.0,1325.0,1737.0,2084.0,2018-04-16
278,27.0,10.0,23.0,53.0,58.0,105.0,174.0,295.0,315.0,410.0,560.0,720.0,1312.0,1708.0,1965.0,2018-04-23
279,20.0,8.0,23.0,52.0,74.0,106.0,193.0,254.0,336.0,444.0,571.0,769.0,1206.0,1552.0,1751.0,2018-04-30
280,17.0,13.0,38.0,65.0,63.0,105.0,195.0,271.0,340.0,425.0,573.0,745.0,1263.0,1584.0,1898.0,2018-05-07
281,26.0,11.0,28.0,63.0,71.0,113.0,207.0,217.0,384.0,405.0,584.0,720.0,1207.0,1645.0,1830.0,2018-05-14
282,19.0,14.0,21.0,54.0,61.0,120.0,155.0,246.0,354.0,439.0,635.0,688.0,1254.0,1636.0,1831.0,2018-05-21
283,19.0,12.0,17.0,44.0,53.0,100.0,167.0,278.0,339.0,447.0,573.0,698.0,1224.0,1614.0,1721.0,2018-05-28
284,18.0,4.0,32.0,59.0,66.0,101.0,175.0,269.0,339.0,420.0,550.0,681.0,1248.0,1523.0,1624.0,2018-06-04
285,26.0,11.0,24.0,67.0,66.0,109.0,182.0,251.0,343.0,413.0,575.0,645.0,1165.0,1560.0,1717.0,2018-06-11
286,24.0,20.0,35.0,50.0,80.0,110.0,200.0,268.0,370.0,447.0,608.0,715.0,1283.0,1646.0,1857.0,2018-06-18
287,28.0,9.0,20.0,57.0,73.0,100.0,174.0,272.0,323.0,401.0,643.0,749.0,1289.0,1704.0,1856.0,2018-06-25
288,27.0,5.0,27.0,61.0,50.0,105.0,169.0,261.0,348.0,441.0,577.0,685.0,1155.0,1600.0,1794.0,2018-07-02
289,27.0,11.0,26.0,71.0,59.0,120.0,189.0,296.0,346.0,415.0,578.0,740.0,1179.0,1532.0,1777.0,2018-07-09
290,25.0,17.0,28.0,47.0,70.0,102.0,180.0,291.0,328.0,432.0,558.0,709.0,1194.0,1495.0,1710.0,2018-07-16
291,27.0,12.0,17.0,52.0,52.0,118.0,169.0,246.0,301.0,405.0,574.0,734.0,1198.0,1488.0,1762.0,2018-07-23
292,23.0,13.0,30.0,66.0,79.0,119.0,169.0,233.0,369.0,493.0,611.0,732.0,1224.0,1632.0,1938.0,2018-07-30
293,24.0,4.0,28.0,65.0,80.0,109.0,187.0,259.0,349.0,458.0,642.0,786.0,1308.0,1703.0,2001.0,2018-08-06
294,22.0,10.0,25.0,55.0,59.0,109.0,191.0,230.0,302.0,407.0,604.0,726.0,1153.0,1540.0,1761.0,2018-08-13
295,24.0,12.0,21.0,52.0,49.0,109.0,198.0,266.0,310.0,441.0,588.0,678.0,1159.0,1495.0,1613.0,2018-08-20
296,20.0,10.0,25.0,61.0,63.0,128.0,178.0,282.0,331.0,410.0,543.0,659.0,1081.0,1468.0,1668.0,2018-08-27
297,27.0,8.0,31.0,53.0,52.0,111.0,192.0,259.0,353.0,413.0,537.0,671.0,1111.0,1433.0,1655.0,2018-09-03
298,27.0,7.0,27.0,53.0,60.0,123.0,167.0,267.0,350.0,440.0,592.0,694.0,1084.0,1386.0,1557.0,2018-09-10
299,36.0,19.0,23.0,47.0,69.0,114.0,170.0,281.0,353.0,419.0,625.0,706.0,1107.0,1487.0,1697.0,2018-09-17
300,27.0,13.0,21.0,73.0,60.0,122.0,176.0,248.0,332.0,437.0,595.0,700.0,1171.0,1544.0,1711.0,2018-09-24
301,18.0,9.0,20.0,55.0,62.0,103.0,189.0,292.0,386.0,419.0,566.0,750.0,1139.0,1507.0,1695.0,2018-10-01
302,25.0,14.0,29.0,67.0,77.0,87.0,181.0,269.0,320.0,444.0,599.0,713.0,1210.0,1555.0,1847.0,2018-10-08
303,30.0,11.0,23.0,68.0,62.0,106.0,163.0,277.0,323.0,439.0,591.0,693.0,1167.0,1581.0,1816.0,2018-10-15
304,26.0,8.0,26.0,53.0,66.0,106.0,182.0,266.0,310.0,449.0,613.0,714.0,1204.0,1580.0,1724.0,2018-10-22
305,22.0,12.0,22.0,38.0,55.0,111.0,172.0,310.0,353.0,454.0,613.0,827.0,1224.0,1723.0,1858.0,2018-10-29
306,37.0,12.0,25.0,53.0,57.0,115.0,207.0,272.0,341.0,470.0,639.0,749.0,1297.0,1746.0,1992.0,2018-11-05
307,35.0,18.0,25.0,45.0,65.0,111.0,191.0,261.0,355.0,435.0,618.0,816.0,1289.0,1637.0,2098.0,2018-11-12
308,30.0,18.0,26.0,53.0,62.0,99.0,169.0,252.0,359.0,465.0,610.0,751.0,1236.0,1742.0,2060.0,2018-11-19
309,24.0,10.0,29.0,59.0,54.0,94.0,195.0,275.0,333.0,530.0,650.0,781.0,1215.0,1697.0,1983.0,2018-11-26
310,23.0,8.0,21.0,43.0,53.0,108.0,180.0,291.0,382.0,446.0,676.0,768.0,1297.0,1737.0,2018.0,2018-12-03
311,22.0,8.0,28.0,48.0,67.0,121.0,197.0,259.0,384.0,457.0,705.0,804.0,1330.0,1796.0,2086.0,2018-12-10
312,27.0,7.0,28.0,60.0,77.0,98.0,199.0,295.0,355.0,446.0,660.0,826.0,1364.0,1861.0,2124.0,2018-12-17
313,19.0,10.0,26.0,60.0,66.0,108.0,193.0,274.0,393.0,510.0,720.0,822.0,1387.0,1906.0,2156.0,2018-12-24
314,38.0,13.0,32.0,68.0,83.0,132.0,188.0,304.0,389.0,463.0,704.0,911.0,1493.0,2003.0,2306.0,2018-12-31
315,30.0,9.0,26.0,53.0,59.0,114.0,209.0,290.0,425.0,526.0,793.0,960.0,1674.0,2214.0,2643.0,2019-01-07
316,31.0,15.0,23.0,61.0,71.0,108.0,207.0,351.0,401.0,559.0,741.0,1034.0,1679.0,2371.0,2824.0,2019-01-14
317,15.0,8.0,22.0,53.0,78.0,126.0,217.0,297.0,443.0,503.0,751.0,997.0,1650.0,2281.0,2700.0,2019-01-21
318,32.0,17.0,25.0,51.0,51.0,115.0,196.0,330.0,415.0,536.0,794.0,916.0,1535.0,2241.0,2710.0,2019-01-28
319,24.0,11.0,25.0,57.0,55.0,125.0,225.0,308.0,386.0,553.0,743.0,938.0,1537.0,2151.0,2548.0,2019-02-04
320,28.0,9.0,29.0,55.0,75.0,111.0,198.0,318.0,411.0,486.0,734.0,892.0,1507.0,2060.0,2450.0,2019-02-11
321,27.0,10.0,32.0,59.0,78.0,117.0,190.0,247.0,418.0,526.0,704.0,851.0,1437.0,2056.0,2464.0,2019-02-18
322,29.0,14.0,24.0,49.0,62.0,108.0,208.0,268.0,415.0,487.0,668.0,859.0,1421.0,2009.0,2299.0,2019-02-25
323,27.0,10.0,18.0,65.0,42.0,108.0,202.0,284.0,364.0,470.0,745.0,847.0,1321.0,1859.0,2233.0,2019-03-04
324,29.0,13.0,22.0,55.0,65.0,121.0,167.0,235.0,337.0,437.0,668.0,828.0,1319.0,1776.0,2133.0,2019-03-11
325,20.0,8.0,26.0,55.0,57.0,101.0,200.0,282.0,347.0,452.0,639.0,813.0,1243.0,1785.0,1999.0,2019-03-18
326,33.0,3.0,21.0,44.0,74.0,104.0,206.0,263.0,375.0,458.0,647.0,819.0,1229.0,1776.0,2119.0,2019-03-25
327,31.0,9.0,21.0,63.0,49.0,101.0,167.0,260.0,349.0,481.0,653.0,818.0,1265.0,1834.0,1986.0,2019-04-01
328,28.0,8.0,30.0,64.0,50.0,111.0,180.0,298.0,405.0,448.0,671.0,823.0,1211.0,1720.0,2008.0,2019-04-08
329,19.0,12.0,27.0,49.0,49.0,102.0,181.0,267.0,300.0,437.0,588.0,854.0,1259.0,1623.0,2034.0,2019-04-15
330,21.0,13.0,16.0,46.0,53.0,113.0,162.0,259.0,359.0,437.0,608.0,760.0,1217.0,1726.0,1969.0,2019-04-22
331,27.0,13.0,29.0,39.0,51.0,88.0,180.0,249.0,352.0,432.0,608.0,760.0,1230.0,1713.0,1973.0,2019-04-29
332,18.0,13.0,20.0,56.0,58.0,116.0,175.0,286.0,360.0,444.0,555.0,818.0,1192.0,1642.0,1978.0,2019-05-06
333,21.0,10.0,21.0,60.0,56.0,111.0,143.0,240.0,364.0,428.0,603.0,770.0,1148.0,1597.0,1964.0,2019-05-13
334,28.0,15.0,25.0,61.0,57.0,102.0,169.0,259.0,326.0,424.0,616.0,744.0,1155.0,1569.0,1886.0,2019-05-20
335,19.0,14.0,30.0,52.0,70.0,98.0,186.0,276.0,377.0,441.0,631.0,737.0,1135.0,1687.0,1865.0,2019-05-27
336,19.0,14.0,27.0,56.0,55.0,124.0,167.0,284.0,361.0,438.0,602.0,792.0,1111.0,1632.0,1826.0,2019-06-03
337,24.0,8.0,18.0,56.0,50.0,101.0,185.0,256.0,341.0,411.0,537.0,705.0,1047.0,1501.0,1776.0,2019-06-10
338,23.0,10.0,25.0,35.0,52.0,105.0,193.0,280.0,349.0,450.0,624.0,724.0,1171.0,1538.0,1825.0,2019-06-17
339,23.0,7.0,21.0,64.0,60.0,105.0,180.0,268.0,365.0,461.0,591.0,747.0,1111.0,1600.0,1967.0,2019-06-24
340,33.0,8.0,33.0,54.0,67.0,110.0,178.0,271.0,372.0,471.0,657.0,815.0,1207.0,1717.0,2057.0,2019-07-01
341,25.0,14.0,29.0,56.0,62.0,116.0,155.0,241.0,360.0,400.0,602.0,766.0,1113.0,1609.0,1915.0,2019-07-08
342,19.0,17.0,29.0,49.0,62.0,106.0,224.0,273.0,382.0,376.0,575.0,701.0,1110.0,1552.0,1826.0,2019-07-15
343,26.0,6.0,29.0,55.0,61.0,107.0,147.0,234.0,378.0,395.0,608.0,756.0,1106.0,1608.0,1948.0,2019-07-22
344,23.0,10.0,28.0,55.0,61.0,86.0,208.0,289.0,364.0,416.0,570.0,749.0,1074.0,1466.0,1737.0,2019-07-29
345,22.0,11.0,25.0,63.0,54.0,127.0,189.0,245.0,346.0,426.0,604.0,730.0,1033.0,1591.0,1851.0,2019-08-05
346,17.0,7.0,25.0,58.0,61.0,105.0,177.0,268.0,316.0,431.0,615.0,680.0,1085.0,1456.0,1827.0,2019-08-12
347,31.0,13.0,22.0,52.0,55.0,107.0,173.0,251.0,343.0,399.0,568.0,708.0,1054.0,1482.0,1662.0,2019-08-19
348,25.0,15.0,20.0,66.0,73.0,110.0,167.0,218.0,354.0,409.0,599.0,698.0,1028.0,1445.0,1671.0,2019-08-26
349,20.0,14.0,16.0,60.0,46.0,111.0,205.0,284.0,345.0,383.0,572.0,731.0,1054.0,1463.0,1600.0,2019-09-02
350,13.0,8.0,26.0,48.0,63.0,108.0,164.0,259.0,332.0,424.0,605.0,742.0,1055.0,1427.0,1665.0,2019-09-09
351,27.0,4.0,24.0,54.0,61.0,112.0,167.0,243.0,352.0,480.0,561.0,685.0,1005.0,1498.0,1723.0,2019-09-16
352,16.0,16.0,16.0,40.0,49.0,129.0,193.0,252.0,356.0,436.0,575.0,749.0,1066.0,1400.0,1734.0,2019-09-23
353,29.0,9.0,21.0,49.0,60.0,108.0,194.0,287.0,359.0,407.0,542.0,740.0,1030.0,1455.0,1688.0,2019-09-30
354,32.0,14.0,31.0,56.0,53.0,110.0,187.0,277.0,369.0,421.0,580.0,743.0,1080.0,1543.0,1816.0,2019-10-07
355,20.0,10.0,21.0,49.0,67.0,92.0,201.0,275.0,332.0,418.0,610.0,758.0,1110.0,1577.0,1774.0,2019-10-14
356,25.0,4.0,30.0,67.0,60.0,110.0,171.0,277.0,345.0,488.0,572.0,754.0,1102.0,1685.0,1853.0,2019-10-21
357,14.0,13.0,27.0,47.0,67.0,101.0,183.0,257.0,345.0,446.0,604.0,776.0,1103.0,1717.0,1998.0,2019-10-28
358,16.0,16.0,17.0,45.0,68.0,130.0,206.0,285.0,362.0,471.0,619.0,823.0,1154.0,1636.0,1829.0,2019-11-04
359,22.0,16.0,25.0,46.0,63.0,103.0,190.0,301.0,363.0,441.0,650.0,846.0,1199.0,1750.0,2021.0,2019-11-11
360,24.0,13.0,22.0,41.0,58.0,121.0,186.0,267.0,383.0,480.0,666.0,817.0,1206.0,1753.0,2180.0,2019-11-18
361,32.0,11.0,20.0,57.0,51.0,97.0,195.0,301.0,332.0,491.0,658.0,898.0,1162.0,1803.0,2220.0,2019-11-25
362,33.0,14.0,28.0,47.0,62.0,104.0,208.0,277.0,367.0,450.0,626.0,812.0,1146.0,1696.0,2151.0,2019-12-02
363,32.0,10.0,18.0,53.0,63.0,100.0,177.0,303.0,377.0,468.0,703.0,814.0,1195.0,1766.0,2261.0,2019-12-09
364,33.0,9.0,23.0,56.0,63.0,114.0,204.0,300.0,350.0,455.0,646.0,838.0,1239.0,1835.0,2228.0,2019-12-16
365,36.0,12.0,29.0,73.0,46.0,97.0,206.0,283.0,349.0,463.0,665.0,841.0,1201.0,1796.0,2236.0,2019-12-23
366,22.0,6.0,28.0,68.0,81.0,108.0,199.0,273.0,395.0,481.0,704.0,904.0,1215.0,1908.0,2318.0,2019-12-30
367,32.0,15.0,29.0,59.0,61.0,109.0,210.0,286.0,390.0,516.0,678.0,955.0,1446.0,2062.0,2550.0,2020-01-06
368,30.0,14.0,24.0,65.0,55.0,120.0,212.0,343.0,420.0,536.0,768.0,1048.0,1471.0,2178.0,2633.0,2020-01-13
369,33.0,12.0,26.0,47.0,66.0,122.0,204.0,319.0,416.0,549.0,806.0,991.0,1469.0,2253.0,2641.0,2020-01-20
370,33.0,12.0,46.0,73.0,80.0,144.0,218.0,309.0,464.0,536.0,717.0,1048.0,1409.0,2234.0,2651.0,2020-01-27
371,40.0,7.0,32.0,56.0,70.0,106.0,210.0,293.0,420.0,523.0,695.0,933.0,1374.0,1915.0,2518.0,2020-02-03
372,27.0,9.0,40.0,53.0,67.0,101.0,166.0,299.0,385.0,483.0,698.0,937.0,1332.0,1903.0,2339.0,2020-02-10
373,29.0,5.0,23.0,55.0,71.0,115.0,195.0,309.0,363.0,458.0,665.0,894.0,1243.0,1798.0,2190.0,2020-02-17
374,22.0,11.0,25.0,62.0,55.0,123.0,194.0,266.0,376.0,472.0,621.0,821.0,1225.0,1807.0,2299.0,2020-02-24
375,25.0,10.0,23.0,62.0,58.0,116.0,180.0,278.0,384.0,484.0,657.0,911.0,1256.0,1862.0,2159.0,2020-03-02
376,22.0,9.0,26.0,56.0,53.0,121.0,204.0,297.0,424.0,521.0,757.0,1016.0,1424.0,2073.0,2478.0,2020-03-09
377,22.0,10.0,24.0,77.0,69.0,147.0,247.0,365.0,463.0,643.0,1058.0,1501.0,2103.0,2934.0,3180.0,2020-03-16
378,18.0,15.0,24.0,77.0,80.0,169.0,262.0,452.0,707.0,1022.0,1726.0,2545.0,3318.0,4432.0,4981.0,2020-03-23
379,21.0,6.0,31.0,62.0,70.0,153.0,278.0,441.0,681.0,945.0,1548.0,2339.0,3397.0,4921.0,6074.0,2020-03-30
380,29.0,8.0,23.0,65.0,72.0,138.0,215.0,360.0,509.0,769.0,1197.0,1745.0,2715.0,4131.0,5349.0,2020-04-06
381,23.0,9.0,20.0,50.0,55.0,134.0,222.0,365.0,491.0,613.0,904.0,1282.0,1972.0,3079.0,4025.0,2020-04-13
382,23.0,6.0,19.0,55.0,68.0,87.0,176.0,317.0,422.0,542.0,777.0,1028.0,1550.0,2312.0,3070.0,2020-04-20
383,11.0,13.0,17.0,49.0,62.0,101.0,186.0,278.0,418.0,493.0,713.0,915.0,1307.0,2008.0,2437.0,2020-04-27
384,24.0,6.0,27.0,59.0,70.0,116.0,190.0,285.0,402.0,484.0,689.0,855.0,1193.0,1813.0,2245.0,2020-05-04
385,13.0,8.0,23.0,57.0,67.0,96.0,178.0,271.0,389.0,425.0,616.0,844.0,1090.0,1641.0,1818.0,2020-05-11
386,12.0,9.0,17.0,50.0,58.0,103.0,187.0,290.0,398.0,464.0,630.0,810.0,1120.0,1544.0,1951.0,2020-05-18
387,29.0,14.0,26.0,56.0,61.0,120.0,201.0,295.0,345.0,464.0,563.0,768.0,1082.0,1627.0,1969.0,2020-05-25
388,27.0,6.0,19.0,58.0,73.0,104.0,173.0,254.0,351.0,441.0,614.0,722.0,1065.0,1449.0,1788.0,2020-06-01
389,22.0,14.0,19.0,69.0,57.0,109.0,171.0,271.0,355.0,393.0,555.0,732.0,1029.0,1394.0,1659.0,2020-06-08
390,16.0,11.0,22.0,64.0,54.0,100.0,187.0,242.0,331.0,433.0,548.0,721.0,1067.0,1503.0,1733.0,2020-06-15
391,25.0,13.0,25.0,47.0,62.0,104.0,177.0,280.0,375.0,428.0,620.0,798.0,1074.0,1514.0,1970.0,2020-06-22
392,24.0,15.0,30.0,47.0,71.0,99.0,170.0,278.0,390.0,481.0,612.0,761.0,1123.0,1592.0,1942.0,2020-06-29
393,20.0,6.0,23.0,61.0,65.0,110.0,176.0,300.0,347.0,472.0,589.0,792.0,1124.0,1658.0,1989.0,2020-07-06
394,26.0,14.0,25.0,53.0,70.0,99.0,188.0,274.0,340.0,466.0,586.0,783.0,1133.0,1583.0,1922.0,2020-07-13
395,32.0,13.0,22.0,51.0,52.0,98.0,183.0,278.0,393.0,432.0,591.0,814.0,1127.0,1726.0,2015.0,2020-07-20
396,30.0,8.0,37.0,62.0,82.0,104.0,201.0,321.0,369.0,479.0,636.0,876.0,1292.0,1846.0,2246.0,2020-07-27
397,20.0,11.0,31.0,56.0,73.0,107.0,205.0,272.0,360.0,457.0,606.0,877.0,1263.0,1760.0,2296.0,2020-08-03
398,13.0,14.0,44.0,64.0,62.0,102.0,192.0,288.0,381.0,498.0,625.0,845.0,1219.0,1706.0,2117.0,2020-08-10
399,17.0,13.0,40.0,68.0,68.0,119.0,189.0,263.0,382.0,433.0,618.0,795.0,1152.0,1691.0,2038.0,2020-08-17
400,30.0,13.0,39.0,70.0,75.0,114.0,209.0,302.0,393.0,466.0,617.0,868.0,1149.0,1623.0,1986.0,2020-08-24
401,13.0,11.0,24.0,74.0,66.0,95.0,217.0,310.0,374.0,467.0,625.0,820.0,1137.0,1636.0,1908.0,2020-08-31
402,23.0,11.0,28.0,56.0,75.0,117.0,170.0,281.0,406.0,432.0,647.0,877.0,1190.0,1680.0,2005.0,2020-09-07
403,25.0,15.0,15.0,63.0,77.0,109.0,216.0,265.0,348.0,461.0,696.0,855.0,1192.0,1771.0,2060.0,2020-09-14
404,25.0,11.0,30.0,57.0,80.0,122.0,178.0,294.0,382.0,472.0,635.0,922.0,1195.0,1656.0,2005.0,2020-09-21
405,20.0,9.0,33.0,52.0,60.0,122.0,193.0,288.0,408.0,527.0,656.0,859.0,1215.0,1757.0,1989.0,2020-09-28
406,19.0,10.0,23.0,68.0,64.0,118.0,187.0,332.0,440.0,504.0,694.0,913.0,1237.0,1850.0,2134.0,2020-10-05
407,21.0,14.0,19.0,44.0,66.0,127.0,194.0,255.0,421.0,507.0,698.0,931.0,1330.0,1822.0,2145.0,2020-10-12
408,19.0,20.0,21.0,62.0,78.0,142.0,214.0,298.0,403.0,560.0,761.0,987.0,1412.0,2055.0,2438.0,2020-10-19
409,16.0,9.0,26.0,54.0,61.0,111.0,170.0,325.0,481.0,559.0,782.0,1088.0,1435.0,2092.0,2387.0,2020-10-26
410,14.0,17.0,21.0,65.0,78.0,117.0,183.0,329.0,456.0,561.0,816.0,1091.0,1629.0,2251.0,2688.0,2020-11-02
411,20.0,9.0,25.0,52.0,69.0,112.0,196.0,308.0,473.0,558.0,814.0,1051.0,1550.0,2247.0,2546.0,2020-11-09
412,20.0,5.0,28.0,42.0,80.0,77.0,202.0,275.0,442.0,540.0,786.0,1067.0,1440.0,2204.0,2487.0,2020-11-16
413,21.0,9.0,23.0,54.0,58.0,109.0,210.0,272.0,433.0,549.0,778.0,1038.0,1448.0,2071.0,2461.0,2020-11-23
414,26.0,7.0,25.0,59.0,64.0,124.0,176.0,322.0,418.0,610.0,764.0,1017.0,1463.0,1992.0,2474.0,2020-11-30
415,17.0,11.0,28.0,66.0,64.0,121.0,184.0,304.0,460.0,561.0,779.0,974.0,1387.0,2076.0,2502.0,2020-12-07
416,30.0,11.0,23.0,62.0,75.0,100.0,220.0,257.0,458.0,566.0,745.0,947.0,1390.0,1996.0,2407.0,2020-12-14
417,27.0,9.0,33.0,54.0,64.0,105.0,192.0,297.0,450.0,492.0,737.0,948.0,1288.0,1946.0,2373.0,2020-12-21
418,6.0,6.0,12.0,29.0,46.0,69.0,114.0,205.0,267.0,303.0,435.0,573.0,778.0,1202.0,1417.0,2020-12-28
419,18.0,14.0,21.0,49.0,69.0,143.0,235.0,316.0,479.0,570.0,789.0,1135.0,1518.0,2323.0,2791.0,2021-01-04
420,13.0,10.0,23.0,75.0,56.0,121.0,204.0,371.0,529.0,657.0,871.0,1245.0,1804.0,2631.0,3248.0,2021-01-11
421,24.0,6.0,22.0,62.0,80.0,144.0,217.0,382.0,529.0,657.0,1007.0,1352.0,2126.0,2841.0,3501.0,2021-01-18
422,16.0,10.0,17.0,52.0,66.0,134.0,246.0,354.0,595.0,684.0,960.0,1353.0,2035.0,2866.0,3313.0,2021-01-25
423,24.0,11.0,23.0,57.0,66.0,122.0,213.0,362.0,539.0,655.0,950.0,1335.0,1753.0,2527.0,2934.0,2021-02-01
424,23.0,16.0,24.0,50.0,74.0,95.0,192.0,351.0,463.0,659.0,860.0,1149.0,1620.0,2198.0,2594.0,2021-02-08
425,23.0,4.0,26.0,56.0,76.0,111.0,238.0,331.0,459.0,617.0,769.0,1093.0,1364.0,1970.0,2351.0,2021-02-15
426,16.0,9.0,22.0,59.0,71.0,119.0,179.0,329.0,446.0,611.0,780.0,1055.0,1331.0,1835.0,2170.0,2021-02-22
427,17.0,20.0,26.0,58.0,76.0,109.0,195.0,290.0,409.0,545.0,736.0,974.0,1220.0,1748.0,2119.0,2021-03-01
428,19.0,15.0,32.0,64.0,60.0,105.0,183.0,284.0,399.0,547.0,708.0,968.0,1223.0,1685.0,2026.0,2021-03-08
429,24.0,11.0,25.0,56.0,71.0,115.0,171.0,248.0,397.0,507.0,652.0,910.0,1157.0,1730.0,2003.0,2021-03-15
430,25.0,6.0,19.0,58.0,54.0,103.0,204.0,297.0,423.0,509.0,707.0,874.0,1211.0,1682.0,2017.0,2021-03-22
431,23.0,12.0,27.0,60.0,75.0,99.0,165.0,284.0,418.0,495.0,646.0,993.0,1135.0,1676.0,2087.0,2021-03-29
432,24.0,11.0,21.0,51.0,53.0,114.0,183.0,276.0,392.0,515.0,652.0,878.0,1199.0,1715.0,1996.0,2021-04-05
433,15.0,11.0,17.0,61.0,63.0,114.0,188.0,262.0,392.0,524.0,696.0,863.0,1114.0,1641.0,1986.0,2021-04-12
434,21.0,8.0,38.0,60.0,62.0,102.0,184.0,285.0,413.0,494.0,667.0,905.0,1183.0,1656.0,2006.0,2021-04-19
435,23.0,8.0,25.0,56.0,52.0,101.0,192.0,281.0,438.0,483.0,672.0,835.0,1079.0,1661.0,1961.0,2021-04-26
436,22.0,15.0,23.0,42.0,81.0,108.0,176.0,295.0,409.0,520.0,682.0,912.0,1185.0,1567.0,2025.0,2021-05-03
437,24.0,18.0,27.0,51.0,68.0,111.0,170.0,276.0,378.0,501.0,669.0,843.0,1088.0,1596.0,1918.0,2021-05-10
438,23.0,11.0,25.0,63.0,60.0,102.0,175.0,296.0,363.0,462.0,636.0,819.0,1088.0,1570.0,1913.0,2021-05-17
439,21.0,15.0,23.0,41.0,64.0,90.0,187.0,277.0,371.0,493.0,615.0,865.0,1020.0,1536.0,1819.0,2021-05-24
440,22.0,7.0,26.0,55.0,64.0,112.0,175.0,288.0,393.0,470.0,588.0,767.0,1015.0,1498.0,1873.0,2021-05-31
441,17.0,8.0,23.0,65.0,64.0,97.0,201.0,272.0,365.0,504.0,598.0,769.0,1075.0,1640.0,2012.0,2021-06-07
442,16.0,11.0,25.0,58.0,62.0,99.0,172.0,248.0,394.0,487.0,622.0,796.0,1018.0,1631.0,2160.0,2021-06-14
443,33.0,9.0,27.0,64.0,61.0,108.0,167.0,296.0,383.0,440.0,597.0,774.0,1012.0,1498.0,1816.0,2021-06-21
444,23.0,22.0,36.0,55.0,65.0,104.0,166.0,289.0,379.0,494.0,585.0,806.0,1063.0,1610.0,1860.0,2021-06-28
445,27.0,17.0,29.0,46.0,91.0,120.0,161.0,293.0,349.0,457.0,599.0,813.0,1017.0,1585.0,1940.0,2021-07-05
446,26.0,15.0,36.0,63.0,60.0,115.0,175.0,256.0,402.0,448.0,633.0,841.0,1073.0,1519.0,1901.0,2021-07-12
447,16.0,13.0,21.0,71.0,59.0,112.0,193.0,305.0,390.0,520.0,666.0,911.0,1259.0,1757.0,2188.0,2021-07-19
448,30.0,14.0,34.0,66.0,63.0,111.0,184.0,273.0,400.0,508.0,632.0,907.0,1157.0,1776.0,2207.0,2021-07-26
449,20.0,19.0,24.0,61.0,65.0,123.0,190.0,305.0,429.0,551.0,645.0,910.0,1251.0,1793.0,2256.0,2021-08-02
450,21.0,12.0,25.0,57.0,69.0,110.0,185.0,293.0,423.0,533.0,698.0,931.0,1242.0,1976.0,2285.0,2021-08-09
451,32.0,16.0,26.0,65.0,60.0,129.0,188.0,317.0,441.0,513.0,679.0,911.0,1173.0,1826.0,2390.0,2021-08-16
452,31.0,11.0,26.0,62.0,56.0,102.0,180.0,304.0,373.0,488.0,646.0,876.0,1154.0,1725.0,2180.0,2021-08-23
453,28.0,13.0,30.0,66.0,63.0,112.0,189.0,302.0,414.0,500.0,626.0,829.0,1111.0,1572.0,2081.0,2021-08-30
454,20.0,12.0,30.0,62.0,60.0,129.0,193.0,276.0,387.0,457.0,686.0,808.0,1061.0,1702.0,2012.0,2021-09-06
455,29.0,9.0,35.0,57.0,48.0,113.0,206.0,288.0,378.0,440.0,626.0,828.0,1055.0,1533.0,1859.0,2021-09-13
456,24.0,7.0,39.0,47.0,66.0,107.0,184.0,260.0,382.0,469.0,595.0,821.0,1087.0,1458.0,1884.0,2021-09-20
457,29.0,8.0,28.0,54.0,56.0,93.0,170.0,298.0,390.0,416.0,645.0,770.0,1037.0,1614.0,1940.0,2021-09-27
458,26.0,14.0,22.0,55.0,64.0,105.0,158.0,271.0,375.0,476.0,652.0,855.0,1007.0,1555.0,1891.0,2021-10-04
459,20.0,8.0,35.0,57.0,63.0,108.0,167.0,266.0,361.0,479.0,649.0,823.0,1007.0,1591.0,1952.0,2021-10-11
460,19.0,7.0,26.0,51.0,66.0,97.0,162.0,277.0,384.0,448.0,575.0,831.0,1085.0,1593.0,2123.0,2021-10-18
461,33.0,21.0,18.0,66.0,58.0,112.0,178.0,269.0,406.0,499.0,641.0,938.0,1120.0,1650.0,2170.0,2021-10-25
462,20.0,15.0,21.0,45.0,68.0,103.0,178.0,283.0,389.0,484.0,597.0,848.0,1127.0,1578.0,2065.0,2021-11-01
463,31.0,12.0,24.0,59.0,59.0,106.0,181.0,287.0,445.0,498.0,732.0,943.0,1137.0,1813.0,2390.0,2021-11-08
464,17.0,10.0,29.0,44.0,58.0,104.0,187.0,296.0,415.0,558.0,688.0,915.0,1191.0,1873.0,2408.0,2021-11-15
465,25.0,16.0,35.0,58.0,69.0,105.0,204.0,254.0,424.0,536.0,701.0,915.0,1224.0,1903.0,2377.0,2021-11-22
466,24.0,15.0,29.0,72.0,65.0,114.0,220.0,294.0,436.0,561.0,726.0,991.0,1308.0,2001.0,2530.0,2021-11-29
467,18.0,2.0,26.0,43.0,46.0,104.0,189.0,317.0,433.0,503.0,732.0,897.0,1209.0,1999.0,2499.0,2021-12-06
468,21.0,11.0,35.0,57.0,72.0,127.0,204.0,307.0,473.0,580.0,768.0,989.0,1251.0,1978.0,2630.0,2021-12-13
469,26.0,7.0,34.0,73.0,72.0,113.0,190.0,357.0,466.0,614.0,735.0,1006.0,1364.0,2045.0,2678.0,2021-12-20
470,31.0,24.0,32.0,63.0,70.0,114.0,189.0,315.0,482.0,604.0,764.0,1107.0,1363.0,1984.0,2699.0,2021-12-27
471,28.0,17.0,32.0,64.0,80.0,109.0,215.0,338.0,458.0,595.0,802.0,1109.0,1312.0,2067.0,2704.0,2022-01-03
472,18.0,12.0,29.0,45.0,74.0,164.0,197.0,338.0,537.0,652.0,849.0,1097.0,1473.0,2265.0,2929.0,2022-01-10
473,20.0,9.0,27.0,64.0,60.0,117.0,216.0,335.0,509.0,606.0,862.0,1148.0,1489.0,2353.0,3028.0,2022-01-17
474,23.0,11.0,23.0,74.0,87.0,108.0,228.0,374.0,490.0,666.0,896.0,1216.0,1484.0,2392.0,3143.0,2022-01-24
475,39.0,9.0,21.0,68.0,67.0,144.0,223.0,336.0,458.0,661.0,816.0,1188.0,1408.0,2343.0,3114.0,2022-01-31
476,19.0,9.0,29.0,64.0,69.0,105.0,212.0,319.0,468.0,575.0,774.0,1065.0,1378.0,2174.0,2764.0,2022-02-07
477,29.0,9.0,29.0,62.0,61.0,109.0,184.0,295.0,437.0,566.0,782.0,980.0,1305.0,1929.0,2499.0,2022-02-14
478,21.0,11.0,30.0,56.0,71.0,99.0,174.0,310.0,418.0,548.0,731.0,968.0,1242.0,1921.0,2345.0,2022-02-21
479,28.0,15.0,22.0,58.0,73.0,137.0,177.0,315.0,424.0,520.0,716.0,891.0,1130.0,1792.0,2332.0,2022-02-28
480,22.0,12.0,21.0,40.0,74.0,112.0,168.0,262.0,373.0,515.0,695.0,1011.0,1118.0,1771.0,2304.0,2022-03-07
481,20.0,7.0,42.0,39.0,69.0,104.0,179.0,308.0,426.0,483.0,680.0,932.0,1119.0,1878.0,2239.0,2022-03-14
482,27.0,10.0,26.0,52.0,72.0,109.0,174.0,322.0,409.0,520.0,702.0,874.0,1128.0,1761.0,2344.0,2022-03-21
483,17.0,12.0,31.0,46.0,57.0,113.0,207.0,302.0,440.0,518.0,653.0,951.0,1076.0,1795.0,2282.0,2022-03-28
484,22.0,18.0,27.0,59.0,68.0,102.0,199.0,293.0,427.0,496.0,691.0,952.0,1148.0,1826.0,2381.0,2022-04-04
485,24.0,12.0,28.0,47.0,55.0,104.0,203.0,267.0,406.0,500.0,694.0,958.0,1174.0,1783.0,2444.0,2022-04-11
486,33.0,15.0,26.0,58.0,51.0,96.0,189.0,254.0,381.0,492.0,705.0,897.0,1123.0,1732.0,2347.0,2022-04-18
487,22.0,18.0,29.0,50.0,76.0,97.0,168.0,284.0,370.0,534.0,676.0,947.0,1119.0,1801.0,2308.0,2022-04-25
488,29.0,20.0,29.0,51.0,59.0,118.0,189.0,248.0,396.0,538.0,637.0,940.0,1163.0,1680.0,2393.0,2022-05-02
489,28.0,7.0,25.0,57.0,67.0,100.0,138.0,278.0,409.0,482.0,692.0,976.0,1186.0,1882.0,2485.0,2022-05-09
490,32.0,9.0,22.0,55.0,65.0,115.0,201.0,319.0,392.0,524.0,670.0,922.0,1158.0,1903.0,2515.0,2022-05-16
491,22.0,11.0,32.0,49.0,70.0,104.0,189.0,306.0,386.0,500.0,639.0,941.0,1111.0,1575.0,2289.0,2022-05-23
492,24.0,18.0,21.0,51.0,68.0,86.0,170.0,277.0,410.0,489.0,640.0,912.0,1119.0,1643.0,2203.0,2022-05-30
493,26.0,10.0,34.0,58.0,64.0,93.0,152.0,289.0,397.0,490.0,671.0,856.0,1111.0,1649.0,2280.0,2022-06-06
494,32.0,9.0,33.0,66.0,56.0,127.0,205.0,288.0,421.0,507.0,728.0,969.0,1219.0,1965.0,2730.0,2022-06-13
495,27.0,11.0,30.0,56.0,65.0,106.0,182.0,284.0,404.0,501.0,670.0,947.0,1145.0,1752.0,2396.0,2022-06-20
496,30.0,16.0,19.0,50.0,54.0,98.0,188.0,319.0,395.0,514.0,693.0,964.0,1154.0,1771.0,2324.0,2022-06-27
497,37.0,9.0,34.0,61.0,85.0,119.0,159.0,292.0,438.0,557.0,718.0,1002.0,1212.0,1845.0,2535.0,2022-07-04
498,16.0,15.0,28.0,71.0,63.0,125.0,219.0,347.0,447.0,552.0,777.0,1129.0,1459.0,2292.0,3330.0,2022-07-11
499,18.0,19.0,24.0,53.0,58.0,126.0,203.0,345.0,465.0,566.0,818.0,1208.0,1404.0,2341.0,3315.0,2022-07-18
500,31.0,13.0,32.0,74.0,59.0,117.0,201.0,309.0,427.0,545.0,698.0,1096.0,1365.0,2078.0,2856.0,2022-07-25
501,31.0,12.0,35.0,63.0,65.0,136.0,198.0,264.0,439.0,503.0,725.0,1017.0,1229.0,1971.0,2734.0,2022-08-01
502,25.0,12.0,28.0,61.0,72.0,127.0,197.0,298.0,438.0,535.0,656.0,1076.0,1226.0,1965.0,2586.0,2022-08-08
503,23.0,9.0,26.0,78.0,66.0,101.0,185.0,273.0,374.0,459.0,681.0,896.0,1033.0,1687.0,2180.0,2022-08-15
504,24.0,13.0,26.0,52.0,69.0,95.0,175.0,311.0,399.0,493.0,652.0,907.0,1061.0,1716.0,2143.0,2022-08-22
505,19.0,13.0,28.0,50.0,63.0,93.0,178.0,258.0,358.0,437.0,669.0,870.0,989.0,1653.0,2056.0,2022-08-29
506,26.0,18.0,30.0,62.0,60.0,97.0,173.0,279.0,426.0,496.0,626.0,893.0,998.0,1493.0,1967.0,2022-09-05
507,32.0,15.0,21.0,49.0,52.0,104.0,169.0,262.0,375.0,476.0,603.0,823.0,1074.0,1567.0,2001.0,2022-09-12
508,24.0,12.0,26.0,43.0,56.0,117.0,183.0,270.0,371.0,500.0,601.0,810.0,980.0,1554.0,1876.0,2022-09-19
509,33.0,17.0,18.0,49.0,70.0,98.0,152.0,306.0,381.0,489.0,633.0,871.0,991.0,1458.0,1966.0,2022-09-26
510,26.0,14.0,33.0,54.0,61.0,90.0,190.0,298.0,358.0,501.0,660.0,908.0,1039.0,1612.0,2127.0,2022-10-03
511,29.0,12.0,31.0,45.0,58.0,99.0,157.0,284.0,362.0,490.0,652.0,836.0,1072.0,1543.0,2129.0,2022-10-10
512,27.0,6.0,33.0,62.0,75.0,96.0,174.0,266.0,353.0,506.0,663.0,914.0,1015.0,1708.0,2289.0,2022-10-17
513,27.0,12.0,33.0,51.0,54.0,102.0,159.0,250.0,374.0,487.0,667.0,902.0,1094.0,1632.0,2154.0,2022-10-24
514,23.0,17.0,22.0,57.0,58.0,101.0,175.0,263.0,389.0,468.0,581.0,872.0,988.0,1544.0,2132.0,2022-10-31
515,32.0,14.0,18.0,58.0,49.0,111.0,184.0,318.0,434.0,514.0,643.0,909.0,1073.0,1643.0,2238.0,2022-11-07
516,19.0,15.0,34.0,53.0,54.0,94.0,185.0,286.0,425.0,518.0,666.0,944.0,1145.0,1708.0,2293.0,2022-11-14
517,21.0,9.0,25.0,56.0,55.0,94.0,182.0,284.0,407.0,556.0,694.0,938.0,1140.0,1669.0,2400.0,2022-11-21
518,26.0,23.0,35.0,55.0,79.0,99.0,198.0,285.0,425.0,504.0,760.0,1033.0,1201.0,1852.0,2461.0,2022-11-28
